module,dependsOn,depth
extsprintf,null,6
core-util-is,null,6
assert-plus,null,6
safer-buffer,null,6
assert-plus,null,6
assert-plus,null,6
jsbn,null,6
tweetnacl,null,6
punycode,null,6
kind-of,null,6
ms,null,6
extsprintf,null,6
core-util-is,null,6
assert-plus,null,6
safer-buffer,null,6
assert-plus,null,6
assert-plus,null,6
jsbn,null,6
tweetnacl,null,6
punycode,null,6
color-name,null,6
assert-plus,null,5
extsprintf,null,5
json-schema,null,5
verror,assert-plus,5
verror,core-util-is,5
verror,extsprintf,5
asn1,safer-buffer,5
assert-plus,null,5
dashdash,assert-plus,5
getpass,assert-plus,5
safer-buffer,null,5
jsbn,null,5
tweetnacl,null,5
ecc-jsbn,jsbn,5
bcrypt-pbkdf,tweetnacl,5
uri-js,punycode,5
json-schema-traverse,null,5
fast-json-stable-stringify,null,5
fast-deep-equal,null,5
mime-db,null,5
delayed-stream,null,5
to-object-path,kind-of,5
debug,ms,5
assert-plus,null,5
extsprintf,null,5
json-schema,null,5
verror,assert-plus,5
verror,core-util-is,5
verror,extsprintf,5
asn1,safer-buffer,5
assert-plus,null,5
dashdash,assert-plus,5
getpass,assert-plus,5
safer-buffer,null,5
jsbn,null,5
tweetnacl,null,5
ecc-jsbn,jsbn,5
bcrypt-pbkdf,tweetnacl,5
uri-js,punycode,5
json-schema-traverse,null,5
fast-json-stable-stringify,null,5
fast-deep-equal,null,5
mime-db,null,5
delayed-stream,null,5
has-flag,null,5
color-convert,color-name,5
mimic-fn,null,5
color-name,null,5
extsprintf,null,5
core-util-is,null,5
assert-plus,null,5
safer-buffer,null,5
assert-plus,null,5
assert-plus,null,5
jsbn,null,5
tweetnacl,null,5
punycode,null,5
safe-buffer,null,4
punycode,null,4
psl,null,4
ip-regex,null,4
mime-db,null,4
assert-plus,null,4
jsprim,verror,4
jsprim,json-schema,4
jsprim,extsprintf,4
jsprim,assert-plus,4
sshpk,bcrypt-pbkdf,4
sshpk,ecc-jsbn,4
sshpk,tweetnacl,4
sshpk,jsbn,4
sshpk,safer-buffer,4
sshpk,getpass,4
sshpk,dashdash,4
sshpk,assert-plus,4
sshpk,asn1,4
ajv,fast-deep-equal,4
ajv,fast-json-stable-stringify,4
ajv,json-schema-traverse,4
ajv,uri-js,4
har-schema,null,4
mime-types,mime-db,4
combined-stream,delayed-stream,4
asynckit,null,4
delayed-stream,null,4
isobject,null,4
kind-of,null,4
through,null,4
jsonparse,null,4
set-getter,to-object-path,4
is-buffer,null,4
follow-redirects,debug,4
safe-buffer,null,4
punycode,null,4
psl,null,4
ip-regex,null,4
mime-db,null,4
assert-plus,null,4
jsprim,verror,4
jsprim,json-schema,4
jsprim,extsprintf,4
jsprim,assert-plus,4
sshpk,bcrypt-pbkdf,4
sshpk,ecc-jsbn,4
sshpk,tweetnacl,4
sshpk,jsbn,4
sshpk,safer-buffer,4
sshpk,getpass,4
sshpk,dashdash,4
sshpk,assert-plus,4
sshpk,asn1,4
ajv,fast-deep-equal,4
ajv,fast-json-stable-stringify,4
ajv,json-schema-traverse,4
ajv,uri-js,4
har-schema,null,4
mime-types,mime-db,4
combined-stream,delayed-stream,4
asynckit,null,4
delayed-stream,null,4
clone,null,4
supports-color,has-flag,4
escape-string-regexp,null,4
ansi-styles,color-convert,4
onetime,mimic-fn,4
signal-exit,null,4
has-flag,null,4
color-convert,color-name,4
assert-plus,null,4
extsprintf,null,4
json-schema,null,4
verror,assert-plus,4
verror,core-util-is,4
verror,extsprintf,4
asn1,safer-buffer,4
assert-plus,null,4
dashdash,assert-plus,4
getpass,assert-plus,4
safer-buffer,null,4
jsbn,null,4
tweetnacl,null,4
ecc-jsbn,jsbn,4
bcrypt-pbkdf,tweetnacl,4
uri-js,punycode,4
json-schema-traverse,null,4
fast-json-stable-stringify,null,4
fast-deep-equal,null,4
mime-db,null,4
delayed-stream,null,4
graceful-fs,null,3
universalify,null,3
uuid,null,3
tunnel-agent,safe-buffer,3
tough-cookie,ip-regex,3
tough-cookie,psl,3
tough-cookie,punycode,3
safe-buffer,null,3
qs,null,3
performance-now,null,3
oauth-sign,null,3
mime-types,mime-db,3
json-stringify-safe,null,3
isstream,null,3
is-typedarray,null,3
http-signature,sshpk,3
http-signature,jsprim,3
http-signature,assert-plus,3
har-validator,har-schema,3
har-validator,ajv,3
form-data,asynckit,3
form-data,combined-stream,3
form-data,mime-types,3
forever-agent,null,3
extend,null,3
combined-stream,delayed-stream,3
caseless,null,3
aws4,null,3
aws-sign2,null,3
regenerator-runtime,null,3
punycode,null,3
through,null,3
jsonparse,null,3
is-plain-object,isobject,3
kind-of,null,3
shallow-clone,kind-of,3
JSONStream,jsonparse,3
JSONStream,through,3
lazy-cache,set-getter,3
moment,null,3
axios,follow-redirects,3
axios,is-buffer,3
uuid,null,3
tunnel-agent,safe-buffer,3
tough-cookie,ip-regex,3
tough-cookie,psl,3
tough-cookie,punycode,3
safe-buffer,null,3
qs,null,3
performance-now,null,3
oauth-sign,null,3
mime-types,mime-db,3
json-stringify-safe,null,3
isstream,null,3
is-typedarray,null,3
http-signature,sshpk,3
http-signature,jsprim,3
http-signature,assert-plus,3
har-validator,har-schema,3
har-validator,ajv,3
form-data,asynckit,3
form-data,combined-stream,3
form-data,mime-types,3
forever-agent,null,3
extend,null,3
combined-stream,delayed-stream,3
caseless,null,3
aws4,null,3
aws-sign2,null,3
defaults,clone,3
ansi-regex,null,3
chalk,ansi-styles,3
chalk,escape-string-regexp,3
chalk,supports-color,3
restore-cursor,signal-exit,3
restore-cursor,onetime,3
supports-color,has-flag,3
escape-string-regexp,null,3
ansi-styles,color-convert,3
redis-errors,null,3
safe-buffer,null,3
punycode,null,3
psl,null,3
ip-regex,null,3
mime-db,null,3
assert-plus,null,3
jsprim,verror,3
jsprim,json-schema,3
jsprim,extsprintf,3
jsprim,assert-plus,3
sshpk,bcrypt-pbkdf,3
sshpk,ecc-jsbn,3
sshpk,tweetnacl,3
sshpk,jsbn,3
sshpk,safer-buffer,3
sshpk,getpass,3
sshpk,dashdash,3
sshpk,assert-plus,3
sshpk,asn1,3
ajv,fast-deep-equal,3
ajv,fast-json-stable-stringify,3
ajv,json-schema-traverse,3
ajv,uri-js,3
har-schema,null,3
mime-types,mime-db,3
combined-stream,delayed-stream,3
asynckit,null,3
delayed-stream,null,3
universalify,null,2
jsonfile,universalify,2
jsonfile,graceful-fs,2
graceful-fs,null,2
request,aws-sign2,2
request,aws4,2
request,caseless,2
request,combined-stream,2
request,extend,2
request,forever-agent,2
request,form-data,2
request,har-validator,2
request,http-signature,2
request,is-typedarray,2
request,isstream,2
request,json-stringify-safe,2
request,mime-types,2
request,oauth-sign,2
request,performance-now,2
request,qs,2
request,safe-buffer,2
request,tough-cookie,2
request,tunnel-agent,2
request,uuid,2
underscore,null,2
@babel/runtime,regenerator-runtime,2
text-encoding-utf-8,null,2
uri-js,punycode,2
JSONStream,jsonparse,2
JSONStream,through,2
clone-deep,shallow-clone,2
clone-deep,kind-of,2
clone-deep,is-plain-object,2
download-stats,moment,2
download-stats,lazy-cache,2
download-stats,JSONStream,2
moment,null,2
paged-request,axios,2
request,aws-sign2,2
request,aws4,2
request,caseless,2
request,combined-stream,2
request,extend,2
request,forever-agent,2
request,form-data,2
request,har-validator,2
request,http-signature,2
request,is-typedarray,2
request,isstream,2
request,json-stringify-safe,2
request,mime-types,2
request,oauth-sign,2
request,performance-now,2
request,qs,2
request,safe-buffer,2
request,tough-cookie,2
request,tunnel-agent,2
request,uuid,2
wcwidth,defaults,2
strip-ansi,ansi-regex,2
log-symbols,chalk,2
cli-spinners,null,2
cli-cursor,restore-cursor,2
chalk,ansi-styles,2
chalk,escape-string-regexp,2
chalk,supports-color,2
redis-parser,redis-errors,2
redis-commands,null,2
double-ended-queue,null,2
uuid,null,2
tunnel-agent,safe-buffer,2
tough-cookie,ip-regex,2
tough-cookie,psl,2
tough-cookie,punycode,2
safe-buffer,null,2
qs,null,2
performance-now,null,2
oauth-sign,null,2
mime-types,mime-db,2
json-stringify-safe,null,2
isstream,null,2
is-typedarray,null,2
http-signature,sshpk,2
http-signature,jsprim,2
http-signature,assert-plus,2
har-validator,har-schema,2
har-validator,ajv,2
form-data,asynckit,2
form-data,combined-stream,2
form-data,mime-types,2
forever-agent,null,2
extend,null,2
combined-stream,delayed-stream,2
caseless,null,2
aws4,null,2
aws-sign2,null,2
dotenv,null,1
fs-extra,graceful-fs,1
fs-extra,jsonfile,1
fs-extra,universalify,1
lodash,null,1
moment,null,1
neo4j,underscore,1
neo4j,request,1
neo4j-driver,uri-js,1
neo4j-driver,text-encoding-utf-8,1
neo4j-driver,@babel/runtime,1
npm-api,request,1
npm-api,paged-request,1
npm-api,moment,1
npm-api,download-stats,1
npm-api,clone-deep,1
npm-api,JSONStream,1
ora,chalk,1
ora,cli-cursor,1
ora,cli-spinners,1
ora,log-symbols,1
ora,strip-ansi,1
ora,wcwidth,1
redis,double-ended-queue,1
redis,redis-commands,1
redis,redis-parser,1
request,aws-sign2,1
request,aws4,1
request,caseless,1
request,combined-stream,1
request,extend,1
request,forever-agent,1
request,form-data,1
request,har-validator,1
request,http-signature,1
request,is-typedarray,1
request,isstream,1
request,json-stringify-safe,1
request,mime-types,1
request,oauth-sign,1
request,performance-now,1
request,qs,1
request,safe-buffer,1
request,tough-cookie,1
request,tunnel-agent,1
request,uuid,1
github-miner,request,0
github-miner,redis,0
github-miner,ora,0
github-miner,npm-api,0
github-miner,neo4j-driver,0
github-miner,neo4j,0
github-miner,moment,0
github-miner,lodash,0
github-miner,fs-extra,0
github-miner,dotenv,0